{
  "rgbd_dataset_freiburg1_desk": {
    "status": "success",
    "ate": {
      "rmse": 0.020603750987338448,
      "mean": 0.017895929679115408,
      "median": 0.01562662755907235,
      "std": 0.010210301448459115,
      "min": 0.0034167207674071377,
      "max": 0.06230322967808037
    },
    "num_poses": 138,
    "trajectory_length": 9.158500109108243,
    "rpe": {
      "translation": {
        "rmse": 0.03534867572067454,
        "mean": 0.026189673327395687,
        "median": 0.015234204230701697,
        "std": 0.023740890594282773
      },
      "rotation": {
        "rmse": 1.7993766448122386,
        "mean": 1.5215268265263133,
        "median": 1.4103707790734716,
        "std": 0.9605792138374193
      }
    }
  },
  "rgbd_dataset_freiburg1_plant": {
    "status": "success",
    "ate": {
      "rmse": 0.01810583904600268,
      "mean": 0.0170759318327733,
      "median": 0.016985956679684045,
      "std": 0.006019465059474527,
      "min": 0.0027651930966216746,
      "max": 0.03675311236139136
    },
    "num_poses": 301,
    "trajectory_length": 15.76689579206099,
    "rpe": {
      "translation": {
        "rmse": 0.017908966638460394,
        "mean": 0.016562360177101013,
        "median": 0.016458791517465897,
        "std": 0.006813171906055646
      },
      "rotation": {
        "rmse": 1.1382550749454334,
        "mean": 1.0407871727893336,
        "median": 1.0247786905170042,
        "std": 0.46085428998352646
      }
    }
  },
  "rgbd_dataset_freiburg1_room": {
    "status": "success",
    "ate": {
      "rmse": 0.08531850211799184,
      "mean": 0.07373758103176484,
      "median": 0.06739463388236347,
      "std": 0.042918713252399515,
      "min": 0.009704466907499423,
      "max": 0.19297401255265842
    },
    "num_poses": 329,
    "trajectory_length": 15.813639390261212,
    "rpe": {
      "translation": {
        "rmse": 0.06385780432810288,
        "mean": 0.05001479827621939,
        "median": 0.03630348124796828,
        "std": 0.03970313749561055
      },
      "rotation": {
        "rmse": 2.2389042274987365,
        "mean": 2.0632502937591886,
        "median": 2.13980107308848,
        "std": 0.8693045296179789
      }
    }
  },
  "rgbd_dataset_freiburg3_long_office_household": {
    "status": "success",
    "ate": {
      "rmse": 0.010275640430922783,
      "mean": 0.0092191396107511,
      "median": 0.008575473913465349,
      "std": 0.004538309278034606,
      "min": 0.001270000311209523,
      "max": 0.023146655826723466
    },
    "num_poses": 308,
    "trajectory_length": 21.714802958271317,
    "rpe": {
      "translation": {
        "rmse": 0.011055954600601926,
        "mean": 0.009805890115306626,
        "median": 0.00932212338070684,
        "std": 0.005106726072260256
      },
      "rotation": {
        "rmse": 0.6061102187419112,
        "mean": 0.5332529192107888,
        "median": 0.45104001523112836,
        "std": 0.28811615958939113
      }
    }
  },
  "rgbd_dataset_freiburg3_walking_static": {
    "status": "success",
    "ate": {
      "rmse": 0.022584059665771452,
      "mean": 0.010700340750495044,
      "median": 0.005340771662482816,
      "std": 0.01988824926458888,
      "min": 0.0007450246127441261,
      "max": 0.182691827166475
    },
    "num_poses": 139,
    "trajectory_length": 0.3116676481841604,
    "rpe": {
      "translation": {
        "rmse": 0.014115117233753147,
        "mean": 0.012340418689229608,
        "median": 0.011072931324171725,
        "std": 0.006852050867959728
      },
      "rotation": {
        "rmse": 0.35333130722432515,
        "mean": 0.3170417176213798,
        "median": 0.2578103111922413,
        "std": 0.15597295263133193
      }
    }
  },
  "rgbd_dataset_freiburg3_walking_xyz": {
    "status": "success",
    "ate": {
      "rmse": 0.46114374121917623,
      "mean": 0.4140301507597894,
      "median": 0.36362828769480093,
      "std": 0.20305808116754356,
      "min": 0.04248705213160461,
      "max": 0.9184372618856479
    },
    "num_poses": 230,
    "trajectory_length": 6.404839614644758,
    "rpe": {
      "translation": {
        "rmse": 0.3112813863239061,
        "mean": 0.2275876447943097,
        "median": 0.1309060192972529,
        "std": 0.21236752437393056
      },
      "rotation": {
        "rmse": 5.981061280084664,
        "mean": 4.338473445164583,
        "median": 2.9008423351415997,
        "std": 4.117127906894535
      }
    }
  }
}